{"cameraMode":{"drawMode":0,"name":"Shaded","section":"Shading Mode"},"sceneLighting":true,"audioPlay":false,"sceneViewState":{"showFog":true,"showMaterialUpdate":false,"showSkybox":true,"showFlares":true,"showImageEffects":true,"showParticleSystems":true},"in2DMode":false,"pivot":{"x":7.6153564453125,"y":2.0673828125,"z":4.4453125},"rotation":{"x":0.11484861373901367,"y":0.31714627146720889,"z":-0.03872408717870712,"w":0.9406000971794128},"size":11.882253646850586,"orthographic":true}