{"cameraMode":{"drawMode":0,"name":"Shaded","section":"Shading Mode"},"sceneLighting":true,"audioPlay":false,"sceneViewState":{"showFog":true,"showMaterialUpdate":false,"showSkybox":true,"showFlares":true,"showImageEffects":true,"showParticleSystems":true},"in2DMode":false,"pivot":{"x":37.88099670410156,"y":-0.7339153289794922,"z":-8.503303527832032},"rotation":{"x":-0.00629850709810853,"y":0.9895991086959839,"z":-0.13623781502246858,"w":-0.04575110599398613},"size":82.6085205078125,"orthographic":false}