{"cameraMode":{"drawMode":0,"name":"Shaded","section":"Shading Mode"},"sceneLighting":true,"audioPlay":false,"sceneViewState":{"showFog":true,"showMaterialUpdate":false,"showSkybox":true,"showFlares":true,"showImageEffects":true,"showParticleSystems":true},"in2DMode":false,"pivot":{"x":-3.0,"y":13.191518783569336,"z":-5.960464477539063e-8},"rotation":{"x":0.11484861373901367,"y":0.31714627146720889,"z":-0.03872408717870712,"w":0.9406000971794128},"size":45.2410888671875,"orthographic":true}