{"cameraMode":{"drawMode":0,"name":"Shaded","section":"Shading Mode"},"sceneLighting":true,"audioPlay":false,"sceneViewState":{"showFog":true,"showMaterialUpdate":false,"showSkybox":true,"showFlares":true,"showImageEffects":true,"showParticleSystems":true},"in2DMode":false,"pivot":{"x":12.00830078125,"y":7.279296875,"z":2.95703125},"rotation":{"x":-0.15975229442119599,"y":-0.026942290365695955,"z":-0.004361785016953945,"w":0.9867798089981079},"size":27.578733444213868,"orthographic":true}